<?xml version="1.0" encoding="utf-8" ?>
<dwsync>
<file name="404.php" server="ftp.d4interactive.com//public_html/starkers/wp/wp-content/themes/" local="129976729200000000" remote="130028412600000000" />
<file name="archive.php" server="ftp.d4interactive.com//public_html/starkers/wp/wp-content/themes/" local="129976714200000000" remote="130028412600000000" />
<file name="attachment.php" server="ftp.d4interactive.com//public_html/starkers/wp/wp-content/themes/" local="129976722600000000" remote="130028412600000000" />
<file name="author.php" server="ftp.d4interactive.com//public_html/starkers/wp/wp-content/themes/" local="129976723800000000" remote="130028412600000000" />
<file name="category.php" server="ftp.d4interactive.com//public_html/starkers/wp/wp-content/themes/" local="129974989800000000" remote="130028412600000000" />
<file name="comments.php" server="ftp.d4interactive.com//public_html/starkers/wp/wp-content/themes/" local="129974989800000000" remote="130028412600000000" />
<file name="db-error.php" server="ftp.d4interactive.com//public_html/starkers/wp/wp-content/themes/" local="129993942000000000" remote="130028412600000000" />
<file name="footer.php" server="ftp.d4interactive.com//public_html/starkers/wp/wp-content/themes/" local="130024366277926434" remote="130028412600000000" />
<file name="functions.php" server="ftp.d4interactive.com//public_html/starkers/wp/wp-content/themes/" local="130024359710710811" remote="130028412600000000" />
<file name="header.php" server="ftp.d4interactive.com//public_html/starkers/wp/wp-content/themes/" local="130024227502701194" remote="130028412600000000" />
<file name="index.php" server="ftp.d4interactive.com//public_html/starkers/wp/wp-content/themes/" local="129974990400000000" remote="130028415000000000" />
<file name="loop.php" server="ftp.d4interactive.com//public_html/starkers/wp/wp-content/themes/" local="130027612649309152" remote="130028415000000000" />
<file name="page.php" server="ftp.d4interactive.com//public_html/starkers/wp/wp-content/themes/" local="129974990400000000" remote="130028415000000000" />
<file name="screenshot.png" server="ftp.d4interactive.com//public_html/starkers/wp/wp-content/themes/" local="129974990400000000" remote="130028415000000000" />
<file name="search.php" server="ftp.d4interactive.com//public_html/starkers/wp/wp-content/themes/" local="129974990400000000" remote="130028415000000000" />
<file name="sidebar-footer.php" server="ftp.d4interactive.com//public_html/starkers/wp/wp-content/themes/" local="129975136800000000" remote="130028415000000000" />
<file name="sidebar.php" server="ftp.d4interactive.com//public_html/starkers/wp/wp-content/themes/" local="129975136800000000" remote="130028415000000000" />
<file name="single.php" server="ftp.d4interactive.com//public_html/starkers/wp/wp-content/themes/" local="129974990400000000" remote="130028415000000000" />
<file name="style.css" server="ftp.d4interactive.com//public_html/starkers/wp/wp-content/themes/" local="129974990400000000" remote="130028415000000000" />
<file name="tag.php" server="ftp.d4interactive.com//public_html/starkers/wp/wp-content/themes/" local="129974990400000000" remote="130028415000000000" />
<file name="temp_fullwidth.php" server="ftp.d4interactive.com//public_html/starkers/wp/wp-content/themes/" local="129974990400000000" remote="130028415000000000" />
<file name="temp_home.php" server="ftp.d4interactive.com//public_html/starkers/wp/wp-content/themes/" local="129974990400000000" remote="130028415000000000" />
</dwsync>