<?xml version="1.0" encoding="utf-8" ?>
<dwsync>
<file name="adminhtml.php" server="ftp.d4interactive.com//public_html/starkers/wp/wp-content/themes/" local="129993937800000000" remote="130028412600000000" />
<file name="browser_detector.php" server="ftp.d4interactive.com//public_html/starkers/wp/wp-content/themes/" local="129975190200000000" remote="130028412600000000" />
<file name="custom_adminbar.php" server="ftp.d4interactive.com//public_html/starkers/wp/wp-content/themes/" local="129978451800000000" remote="130028412600000000" />
<file name="custom_editor.php" server="ftp.d4interactive.com//public_html/starkers/wp/wp-content/themes/" local="129975186000000000" remote="130028412600000000" />
<file name="sidebar_register.php" server="ftp.d4interactive.com//public_html/starkers/wp/wp-content/themes/" local="129975187200000000" remote="130028412600000000" />
<file name="sliderfunc.php" server="ftp.d4interactive.com//public_html/starkers/wp/wp-content/themes/" local="130024221208511187" remote="130028412600000000" />
<file name="themeoptions.php" server="ftp.d4interactive.com//public_html/starkers/wp/wp-content/themes/" local="129976725000000000" remote="130028412600000000" />
<file name="themeoptions.php.copy" server="ftp.d4interactive.com//public_html/starkers/wp/wp-content/themes/" local="129976728600000000" remote="130028412600000000" />
<file name="twtyten.php" server="ftp.d4interactive.com//public_html/starkers/wp/wp-content/themes/" local="129975192600000000" remote="130028412600000000" />
<file name="shadowbox.php" server="ftp.d4interactive.com//public_html/starkers/wp/wp-content/themes/" local="130027600397818407" remote="130028412600000000" />
<file name="shortcode.php" server="ftp.d4interactive.com//public_html/starkers/wp/wp-content/themes/" local="130024235154948878" remote="130028412600000000" />
<file name="wp-clean-head.php" server="ftp.d4interactive.com//public_html/starkers/wp/wp-content/themes/" local="130024238344231294" remote="130028413200000000" />
</dwsync>