<?xml version="1.0" encoding="utf-8" ?>
<dwsync>
<file name="404.php" server="ftp.milestonesreno.com" local="129895498236032318" remote="129919790400000000" />
<file name="archive.php" server="ftp.milestonesreno.com" local="129895498236692356" remote="129919790400000000" />
<file name="attachment.php" server="ftp.milestonesreno.com" local="129895498237322392" remote="129919790400000000" />
<file name="author.php" server="ftp.milestonesreno.com" local="129895498238202442" remote="129919790400000000" />
<file name="category.php" server="ftp.milestonesreno.com" local="129895498239092493" remote="129919790400000000" />
<file name="comments.php" server="ftp.milestonesreno.com" local="129895498239162497" remote="129919790400000000" />
<file name="editor-style.css" server="ftp.milestonesreno.com" local="129895498239262503" remote="129919790400000000" />
<file name="footer.php" server="ftp.milestonesreno.com" local="129919700237336467" remote="129919807800000000" />
<file name="functions.php" server="ftp.milestonesreno.com" local="129919688428991069" remote="129919796400000000" />
<file name="header.php" server="ftp.milestonesreno.com" local="129919698934351941" remote="129919806600000000" />
<file name="index.php" server="ftp.milestonesreno.com" local="129919697618126657" remote="129919805400000000" />
<file name="loop.php" server="ftp.milestonesreno.com" local="129895498248003003" remote="129919790400000000" />
<file name="onecolumn-page.php" server="ftp.milestonesreno.com" local="129895498248163012" remote="129919790400000000" />
<file name="page.php" server="ftp.milestonesreno.com" local="129895498248233016" remote="129919790400000000" />
<file name="screenshot.png" server="ftp.milestonesreno.com" local="129895479984257494" remote="129919790400000000" />
<file name="search.php" server="ftp.milestonesreno.com" local="129895498248303020" remote="129919790400000000" />
<file name="sidebar-footer.php" server="ftp.milestonesreno.com" local="129895498248383025" remote="129919790400000000" />
<file name="sidebar.php" server="ftp.milestonesreno.com" local="129895498248463029" remote="129919790400000000" />
<file name="single.php" server="ftp.milestonesreno.com" local="129895498248553034" remote="129919790400000000" />
<file name="style.css" server="ftp.milestonesreno.com" local="129919700945386965" remote="129919809000000000" />
<file name="tag.php" server="ftp.milestonesreno.com" local="129895498248673041" remote="129919790400000000" />
<file name="_LICENSE.txt" server="ftp.milestonesreno.com" local="129787827180000000" remote="129919790400000000" />
</dwsync>