<?xml version="1.0" encoding="utf-8" ?>
<dwsync>
<file name="clear.gif" server="ftp.sungtoon.com//wp-content/themes/D4BaseTheme/" local="129974989800000000" remote="130035496800000000" />
<file name="favicon.ico" server="ftp.sungtoon.com//wp-content/themes/D4BaseTheme/" local="129974989800000000" remote="130035496800000000" />
<file name="login-logo.png" server="ftp.sungtoon.com//wp-content/themes/D4BaseTheme/" local="129974989800000000" remote="130035496800000000" />
<file name="logo.png" server="ftp.sungtoon.com//wp-content/themes/D4BaseTheme/" local="129974989800000000" remote="130035496800000000" />
<file name="clear.gif" server="ftp.sungtoon.com//wp-content/themes/" local="130035496800000000" remote="130035496800000000" />
<file name="favicon.ico" server="ftp.sungtoon.com//wp-content/themes/" local="130035496800000000" remote="130035496800000000" />
<file name="login-logo.png" server="ftp.sungtoon.com//wp-content/themes/" local="130035496800000000" remote="130035496800000000" />
<file name="logo.png" server="ftp.sungtoon.com//wp-content/themes/" local="130035496800000000" remote="130035496800000000" />
</dwsync>