<?xml version="1.0" encoding="utf-8" ?>
<dwsync>
<file name="category.php" server="ftp.sungtoon.com//wp-content/themes/D4BaseTheme/" local="129974989800000000" remote="130035498600000000" />
<file name="comments.php" server="ftp.sungtoon.com//wp-content/themes/D4BaseTheme/" local="129974989800000000" remote="130035498600000000" />
<file name="footer.php" server="ftp.sungtoon.com//wp-content/themes/D4BaseTheme/" local="130024366277926434" remote="130035498600000000" />
<file name="functions.php" server="ftp.sungtoon.com//wp-content/themes/D4BaseTheme/" local="130027763433480485" remote="130035498600000000" />
<file name="header.php" server="ftp.sungtoon.com//wp-content/themes/D4BaseTheme/" local="130029311247780102" remote="130035498600000000" />
<file name="index.php" server="ftp.sungtoon.com//wp-content/themes/D4BaseTheme/" local="129974990400000000" remote="130035498600000000" />
<file name="loop.php" server="ftp.sungtoon.com//wp-content/themes/D4BaseTheme/" local="130027612649309152" remote="130035498600000000" />
<file name="page.php" server="ftp.sungtoon.com//wp-content/themes/D4BaseTheme/" local="129974990400000000" remote="130035498600000000" />
<file name="screenshot.png" server="ftp.sungtoon.com//wp-content/themes/D4BaseTheme/" local="129974990400000000" remote="130035498600000000" />
<file name="search.php" server="ftp.sungtoon.com//wp-content/themes/D4BaseTheme/" local="129974990400000000" remote="130035498600000000" />
<file name="sidebar-footer.php" server="ftp.sungtoon.com//wp-content/themes/D4BaseTheme/" local="129975136800000000" remote="130035498600000000" />
<file name="sidebar.php" server="ftp.sungtoon.com//wp-content/themes/D4BaseTheme/" local="129975136800000000" remote="130035498600000000" />
<file name="single.php" server="ftp.sungtoon.com//wp-content/themes/D4BaseTheme/" local="129974990400000000" remote="130035498600000000" />
<file name="style.css" server="ftp.sungtoon.com//wp-content/themes/D4BaseTheme/" local="130029332652254368" remote="130035498600000000" />
<file name="tag.php" server="ftp.sungtoon.com//wp-content/themes/D4BaseTheme/" local="129974990400000000" remote="130035498600000000" />
<file name="temp_fullwidth.php" server="ftp.sungtoon.com//wp-content/themes/D4BaseTheme/" local="129974990400000000" remote="130035498600000000" />
<file name="temp_home.php" server="ftp.sungtoon.com//wp-content/themes/D4BaseTheme/" local="129974990400000000" remote="130035498600000000" />
<file name="404.php" server="ftp.sungtoon.com//wp-content/themes/" local="130028384400000000" remote="130028384400000000" />
<file name="README.txt" server="ftp.sungtoon.com//wp-content/themes/" local="130028384400000000" remote="130028384400000000" />
<file name="archive.php" server="ftp.sungtoon.com//wp-content/themes/" local="130028384400000000" remote="130028384400000000" />
<file name="attachment.php" server="ftp.sungtoon.com//wp-content/themes/" local="130028384400000000" remote="130028384400000000" />
<file name="author.php" server="ftp.sungtoon.com//wp-content/themes/" local="130028384400000000" remote="130028384400000000" />
<file name="category.php" server="ftp.sungtoon.com//wp-content/themes/" local="130035498600000000" remote="130035498600000000" />
<file name="comments.php" server="ftp.sungtoon.com//wp-content/themes/" local="130035498600000000" remote="130035498600000000" />
<file name="db-error.php" server="ftp.sungtoon.com//wp-content/themes/" local="130028384400000000" remote="130028384400000000" />
<file name="footer.php" server="ftp.sungtoon.com//wp-content/themes/" local="130035498600000000" remote="130035498600000000" />
<file name="functions.php" server="ftp.sungtoon.com//wp-content/themes/" local="130035498600000000" remote="130035498600000000" />
<file name="header.php" server="ftp.sungtoon.com//wp-content/themes/" local="130035498600000000" remote="130035498600000000" />
<file name="index.php" server="ftp.sungtoon.com//wp-content/themes/" local="130035498600000000" remote="130035498600000000" />
<file name="loop.php" server="ftp.sungtoon.com//wp-content/themes/" local="130035498600000000" remote="130035498600000000" />
<file name="page.php" server="ftp.sungtoon.com//wp-content/themes/" local="130035498600000000" remote="130035498600000000" />
<file name="screenshot.png" server="ftp.sungtoon.com//wp-content/themes/" local="130035498600000000" remote="130035498600000000" />
<file name="search.php" server="ftp.sungtoon.com//wp-content/themes/" local="130035498600000000" remote="130035498600000000" />
<file name="sidebar-footer.php" server="ftp.sungtoon.com//wp-content/themes/" local="130035498600000000" remote="130035498600000000" />
<file name="sidebar.php" server="ftp.sungtoon.com//wp-content/themes/" local="130035498600000000" remote="130035498600000000" />
<file name="single.php" server="ftp.sungtoon.com//wp-content/themes/" local="130035498600000000" remote="130035498600000000" />
<file name="style.css" server="ftp.sungtoon.com//wp-content/themes/" local="130035498600000000" remote="130035498600000000" />
<file name="tag.php" server="ftp.sungtoon.com//wp-content/themes/" local="130035498600000000" remote="130035498600000000" />
<file name="temp_fullwidth.php" server="ftp.sungtoon.com//wp-content/themes/" local="130035498600000000" remote="130035498600000000" />
<file name="temp_home.php" server="ftp.sungtoon.com//wp-content/themes/" local="130035498600000000" remote="130035498600000000" />
</dwsync>