<?xml version="1.0" encoding="utf-8" ?>
<dwsync>
<file name="close.png" server="ftp.d4interactive.com//public_html/starkers/wp/wp-content/themes/" local="129974989800000000" remote="130028413200000000" />
<file name="expressInstall.swf" server="ftp.d4interactive.com//public_html/starkers/wp/wp-content/themes/" local="129974989800000000" remote="130028413200000000" />
<file name="loading.gif" server="ftp.d4interactive.com//public_html/starkers/wp/wp-content/themes/" local="129974989800000000" remote="130028413200000000" />
<file name="next.png" server="ftp.d4interactive.com//public_html/starkers/wp/wp-content/themes/" local="129974989800000000" remote="130028413200000000" />
<file name="pause.png" server="ftp.d4interactive.com//public_html/starkers/wp/wp-content/themes/" local="129974989800000000" remote="130028413200000000" />
<file name="play.png" server="ftp.d4interactive.com//public_html/starkers/wp/wp-content/themes/" local="129974989800000000" remote="130028413200000000" />
<file name="player.swf" server="ftp.d4interactive.com//public_html/starkers/wp/wp-content/themes/" local="129974990400000000" remote="130028413200000000" />
<file name="previous.png" server="ftp.d4interactive.com//public_html/starkers/wp/wp-content/themes/" local="129974990400000000" remote="130028413200000000" />
<file name="shadowbox.css" server="ftp.d4interactive.com//public_html/starkers/wp/wp-content/themes/" local="130024226747107977" remote="130028413200000000" />
<file name="shadowbox.js" server="ftp.d4interactive.com//public_html/starkers/wp/wp-content/themes/" local="129974990400000000" remote="130028413200000000" />
</dwsync>