<?xml version="1.0" encoding="utf-8" ?>
<dwsync>
<file name="category.php" server="ftp.sungtoon.com//wp-content/themes/D4BaseTheme/" local="129974989800000000" remote="130035498600000000" />
<file name="comments.php" server="ftp.sungtoon.com//wp-content/themes/D4BaseTheme/" local="129974989800000000" remote="130035498600000000" />
<file name="footer.php" server="ftp.sungtoon.com//wp-content/themes/D4BaseTheme/" local="130024366277926434" remote="130035498600000000" />
<file name="functions.php" server="ftp.sungtoon.com//wp-content/themes/D4BaseTheme/" local="130027763433480485" remote="130035498600000000" />
<file name="header.php" server="ftp.sungtoon.com//wp-content/themes/D4BaseTheme/" local="130029311247780102" remote="130035498600000000" />
<file name="index.php" server="ftp.sungtoon.com//wp-content/themes/D4BaseTheme/" local="129974990400000000" remote="130035498600000000" />
<file name="loop.php" server="ftp.sungtoon.com//wp-content/themes/D4BaseTheme/" local="130027612649309152" remote="130035498600000000" />
<file name="page.php" server="ftp.sungtoon.com//wp-content/themes/D4BaseTheme/" local="129974990400000000" remote="130035498600000000" />
<file name="screenshot.png" server="ftp.sungtoon.com//wp-content/themes/D4BaseTheme/" local="129974990400000000" remote="130035498600000000" />
<file name="search.php" server="ftp.sungtoon.com//wp-content/themes/D4BaseTheme/" local="129974990400000000" remote="130035498600000000" />
<file name="sidebar-footer.php" server="ftp.sungtoon.com//wp-content/themes/D4BaseTheme/" local="129975136800000000" remote="130035498600000000" />
<file name="sidebar.php" server="ftp.sungtoon.com//wp-content/themes/D4BaseTheme/" local="129975136800000000" remote="130035498600000000" />
<file name="single.php" server="ftp.sungtoon.com//wp-content/themes/D4BaseTheme/" local="129974990400000000" remote="130035498600000000" />
<file name="style.css" server="ftp.sungtoon.com//wp-content/themes/D4BaseTheme/" local="130029332652254368" remote="130035498600000000" />
<file name="tag.php" server="ftp.sungtoon.com//wp-content/themes/D4BaseTheme/" local="129974990400000000" remote="130035498600000000" />
<file name="temp_fullwidth.php" server="ftp.sungtoon.com//wp-content/themes/D4BaseTheme/" local="129974990400000000" remote="130035498600000000" />
<file name="temp_home.php" server="ftp.sungtoon.com//wp-content/themes/D4BaseTheme/" local="129974990400000000" remote="130035498600000000" />
<file name="404.php" server="ftp.sungtoon.com//wp-content/themes/" local="130046596591342210" remote="130046665800000000" />
<file name="archive.php" server="ftp.sungtoon.com//wp-content/themes/" local="130046596309416084" remote="130046665800000000" />
<file name="attachment.php" server="ftp.sungtoon.com//wp-content/themes/" local="130046595972366806" remote="130046665800000000" />
<file name="author.php" server="ftp.sungtoon.com//wp-content/themes/" local="130046593566419194" remote="130046665800000000" />
<file name="category.php" server="ftp.sungtoon.com//wp-content/themes/" local="130046593040169094" remote="130046665800000000" />
<file name="comments.php" server="ftp.sungtoon.com//wp-content/themes/" local="130046592929222748" remote="130046665800000000" />
<file name="db-error.php" server="ftp.sungtoon.com//wp-content/themes/" local="130046590187695942" remote="130046665800000000" />
<file name="footer.php" server="ftp.sungtoon.com//wp-content/themes/" local="130046601364915242" remote="130046665800000000" />
<file name="functions.php" server="ftp.sungtoon.com//wp-content/themes/" local="130046636549157666" remote="130046665800000000" />
<file name="header.php" server="ftp.sungtoon.com//wp-content/themes/" local="130046585206301023" remote="130046665800000000" />
<file name="index.php" server="ftp.sungtoon.com//wp-content/themes/" local="130046587671562027" remote="130046665800000000" />
<file name="loop.php" server="ftp.sungtoon.com//wp-content/themes/" local="130035498600000000" remote="130046665800000000" />
<file name="page.php" server="ftp.sungtoon.com//wp-content/themes/" local="130046587533824149" remote="130046665800000000" />
<file name="screenshot.png" server="ftp.sungtoon.com//wp-content/themes/" local="130035498600000000" remote="130046665800000000" />
<file name="search.php" server="ftp.sungtoon.com//wp-content/themes/" local="130046587062217175" remote="130046665800000000" />
<file name="sidebar-footer.php" server="ftp.sungtoon.com//wp-content/themes/" local="130035498600000000" remote="130046665800000000" />
<file name="sidebar.php" server="ftp.sungtoon.com//wp-content/themes/" local="130046586579279552" remote="130046665800000000" />
<file name="single.php" server="ftp.sungtoon.com//wp-content/themes/" local="130046586395929065" remote="130046665800000000" />
<file name="style.css" server="ftp.sungtoon.com//wp-content/themes/" local="130046616213754547" remote="130046665800000000" />
<file name="tag.php" server="ftp.sungtoon.com//wp-content/themes/" local="130046584173301938" remote="130046665800000000" />
<file name="temp_fullwidth.php" server="ftp.sungtoon.com//wp-content/themes/" local="130046583697964751" remote="130046665800000000" />
<file name="temp_home.php" server="ftp.sungtoon.com//wp-content/themes/" local="130035498600000000" remote="130046665800000000" />
</dwsync>