<?xml version="1.0" encoding="utf-8" ?>
<dwsync>
<file name="adminhtml.php" server="ftp.sungtoon.com//wp-content/themes/D4BaseTheme/" local="130029329425439804" remote="130035496800000000" />
<file name="custom_adminbar.php" server="ftp.sungtoon.com//wp-content/themes/D4BaseTheme/" local="130027769419322856" remote="130035496800000000" />
<file name="custom_editor.php" server="ftp.sungtoon.com//wp-content/themes/D4BaseTheme/" local="129975186000000000" remote="130035496800000000" />
<file name="shortcode.php" server="ftp.sungtoon.com//wp-content/themes/D4BaseTheme/" local="130024235154948878" remote="130035496800000000" />
<file name="sidebar_register.php" server="ftp.sungtoon.com//wp-content/themes/D4BaseTheme/" local="129975187200000000" remote="130035496800000000" />
<file name="themeoptions.php" server="ftp.sungtoon.com//wp-content/themes/D4BaseTheme/" local="130029291528922248" remote="130035496800000000" />
<file name="themeoptions.php.copy" server="ftp.sungtoon.com//wp-content/themes/D4BaseTheme/" local="129976728600000000" remote="130035496800000000" />
<file name="twtyten.php" server="ftp.sungtoon.com//wp-content/themes/D4BaseTheme/" local="129975192600000000" remote="130035496800000000" />
<file name="wp-clean-head.php" server="ftp.sungtoon.com//wp-content/themes/D4BaseTheme/" local="130029342024220413" remote="130035496800000000" />
<file name="adminhtml.php" server="ftp.sungtoon.com//wp-content/themes/" local="130035496800000000" remote="130035496800000000" />
<file name="custom_adminbar.php" server="ftp.sungtoon.com//wp-content/themes/" local="130035496800000000" remote="130035496800000000" />
<file name="custom_editor.php" server="ftp.sungtoon.com//wp-content/themes/" local="130035496800000000" remote="130035496800000000" />
<file name="shortcode.php" server="ftp.sungtoon.com//wp-content/themes/" local="130035496800000000" remote="130035496800000000" />
<file name="sidebar_register.php" server="ftp.sungtoon.com//wp-content/themes/" local="130035496800000000" remote="130035496800000000" />
<file name="themeoptions.php" server="ftp.sungtoon.com//wp-content/themes/" local="130035496800000000" remote="130035496800000000" />
<file name="themeoptions.php.copy" server="ftp.sungtoon.com//wp-content/themes/" local="130035496800000000" remote="130035496800000000" />
<file name="twtyten.php" server="ftp.sungtoon.com//wp-content/themes/" local="130035496800000000" remote="130035496800000000" />
<file name="wp-clean-head.php" server="ftp.sungtoon.com//wp-content/themes/" local="130035496800000000" remote="130035496800000000" />
</dwsync>