<?xml version="1.0" encoding="utf-8" ?>
<dwsync>
<file name="style.css" server="renosparksglass.com" local="129930028800000000" remote="129930028800000000" />
<file name="style.css" server="renosparksglass.com//public_html/" local="129930041400000000" remote="129930041400000000" />
<file name="functions.php" server="renosparksglass.com//public_html/" local="129930028800000000" remote="129930028800000000" />
<file name="header.php" server="renosparksglass.com//public_html/" local="129930028800000000" remote="129930028800000000" />
<file name="404.php" server="renosparksglass.com//public_html/" local="129930028800000000" remote="129930028800000000" />
<file name="archive.php" server="renosparksglass.com//public_html/" local="129930028800000000" remote="129930028800000000" />
<file name="attachment.php" server="renosparksglass.com//public_html/" local="129930028800000000" remote="129930028800000000" />
<file name="author.php" server="renosparksglass.com//public_html/" local="129930028800000000" remote="129930028800000000" />
<file name="category.php" server="renosparksglass.com//public_html/" local="129930028800000000" remote="129930028800000000" />
<file name="comments.php" server="renosparksglass.com//public_html/" local="129930028800000000" remote="129930028800000000" />
<file name="editor-style.css" server="renosparksglass.com//public_html/" local="129930028800000000" remote="129930028800000000" />
<file name="footer.php" server="renosparksglass.com//public_html/" local="129930028800000000" remote="129930028800000000" />
<file name="index.php" server="renosparksglass.com//public_html/" local="129930028800000000" remote="129930028800000000" />
<file name="loop.php" server="renosparksglass.com//public_html/" local="129930028800000000" remote="129930028800000000" />
<file name="onecolumn-page.php" server="renosparksglass.com//public_html/" local="129930028800000000" remote="129930028800000000" />
<file name="page.php" server="renosparksglass.com//public_html/" local="129930028800000000" remote="129930028800000000" />
<file name="screenshot.png" server="renosparksglass.com//public_html/" local="129930028800000000" remote="129930028800000000" />
<file name="search.php" server="renosparksglass.com//public_html/" local="129930028800000000" remote="129930028800000000" />
<file name="sidebar-footer.php" server="renosparksglass.com//public_html/" local="129930028800000000" remote="129930028800000000" />
<file name="sidebar.php" server="renosparksglass.com//public_html/" local="129930028800000000" remote="129930028800000000" />
<file name="single.php" server="renosparksglass.com//public_html/" local="129930028800000000" remote="129930028800000000" />
<file name="tag.php" server="renosparksglass.com//public_html/" local="129930028800000000" remote="129930028800000000" />
</dwsync>